Plant Type,Condition,Treatment
Apple,Apple Scab,"For treating Apple Scab, apply fungicides such as captan or myclobutanil early in the season during bud break and continue as necessary to protect new growth. Regular pruning to improve air circulation also helps reduce the incidence of the disease."
Apple,Black Rot,"For treating Black Rot on apples, remove and destroy all infected fruits and branches to prevent further spread. Apply a fungicide like mancozeb or captan during the bloom period and continue at regular intervals as per the product's instructions."
Apple,Cedar Apple Rust,"For Cedar Apple Rust, remove nearby cedar trees if possible to disrupt the disease cycle. Apply fungicidal sprays containing myclobutanil or ferbam early in the spring just before bud break and repeat during rainy periods to protect new growth."
Apple,Healthy,Healthy plant. No treatment necessary!
Blueberry,Healthy,Healthy plant. No treatment necessary!
Cherry,Powdery Mildew,"For treating Powdery Mildew on cherry trees, apply sulfur-based fungicides or baking soda mixed with horticultural oil early in the season. Ensure good air circulation around the trees by pruning and spacing the plants appropriately."
Cherry,Healthy,Healthy plant. No treatment necessary!
Corn,"Cercospora Leaf Spot, Grey Leaf Spot","For Cercospora Leaf Spot on corn, apply a fungicide that contains chlorothalonil or copper-based compounds during the early stages of disease development. For Grey Leaf Spot, begin fungicide applications when the disease is first noticed on the lower leaves, using products that contain strobilurin or triazole."
Corn,Common Rust,"For Common Rust on corn, apply a fungicide containing tebuconazole or pyraclostrobin at the first sign of the disease. Ensure to rotate fungicides to prevent resistance and follow label directions for reapplication intervals."
Corn,Northern Leaf Blight,"For Northern Leaf Blight on corn, apply a fungicide that contains propiconazole, pyraclostrobin, or a similar active ingredient as soon as symptoms appear. It's also beneficial to rotate crops and manage residue to reduce spore survival between seasons."
Corn,Healthy,Healthy plant. No treatment necessary!
Grape,Black Rot,"For treating Black Rot on grapes, apply fungicides containing mancozeb or copper compounds early in the season, especially before flowering. Additionally, ensure proper pruning for good air circulation and remove any infected debris to prevent spore spread."
Grape,Esca (Black Measles),"For Esca (Black Measles) in grapes, there is no effective chemical control once vines are infected. Focus on preventive measures like using disease-free planting material, applying wound protectants after pruning, and removing affected parts of the plant to reduce disease spread."
Grape,Leaf Blight (Isariopsis Leaf Spot),"For Isariopsis Leaf Spot (Leaf Blight) in grapes, apply fungicides containing captan or copper compounds during periods of high humidity to prevent the spread. Ensure proper vineyard sanitation by removing fallen leaves and debris to reduce the fungal inoculum."
Grape,Healthy,Healthy plant. No treatment necessary!
Orange,Huanglongbing (Cirtus Greening),"For Huanglongbing (Citrus Greening), there is currently no cure. Management strategies focus on controlling the insect vector, the Asian citrus psyllid, using systemic insecticides like imidacloprid. Regular monitoring and removal of symptomatic trees are also essential to prevent spread."
Peach,Bacterial Spot,"For Bacterial Spot on peach trees, apply copper-based fungicides early in the spring before bud break and after harvest to prevent overwintering of the pathogen. Additionally, ensure good cultural practices like adequate spacing and pruning to promote air circulation and reduce leaf wetness."
Peach,Healthy,Healthy plant. No treatment necessary!
"Pepper, Bell",Bacterial Spot,"For Bacterial Spot on bell peppers, apply copper-based fungicides and consider adding mancozeb to enhance effectiveness. It's also crucial to practice crop rotation and use disease-free seeds or transplants to prevent outbreaks."
"Pepper, Bell",Healthy,Healthy plant. No treatment necessary!
Potato,Early Blight,"For Early Blight in potatoes, apply a fungicide that contains chlorothalonil or mancozeb as soon as symptoms are noticed and continue applications at regular intervals during the growing season. Improve air circulation and reduce leaf wetness by spacing plants properly and using drip irrigation instead of overhead watering."
Potato,Late Blight,"For Late Blight in potatoes, apply fungicides containing metalaxyl or chlorothalonil at the first sign of disease or forecasted wet, cool weather. Keep the foliage as dry as possible by using well-timed irrigation and ensuring good field drainage."
Potato,Healthy,Healthy plant. No treatment necessary!
Raspberry,Healthy,Healthy plant. No treatment necessary!
Soybean,Healthy,Healthy plant. No treatment necessary!
Squash,Powdery Mildew,"For Powdery Mildew on squash, apply a fungicide such as sulfur or a biological fungicide containing Bacillus subtilis. Additionally, ensure good air circulation by spacing plants properly and pruning any excess growth."
Strawberry,Leaf Scorch,"For Leaf Scorch in strawberries, apply fungicides such as captan or thiram especially during wet conditions to control the spread. Ensure good cultural practices by removing infected leaves and enhancing air circulation through proper plant spacing and weed management."
Strawberry,Healthy,Healthy plant. No treatment necessary!
Tomato,Bacterial Spot,"For Bacterial Spot on tomatoes, apply copper-based fungicides and consider tank-mixing with mancozeb for enhanced efficacy. Ensure that you also practice good sanitation by removing infected plants and debris and using drip irrigation to minimize leaf moisture."
Tomato,Early Blight,"For Early Blight in tomatoes, apply fungicides containing chlorothalonil or mancozeb as soon as symptoms appear. It's also beneficial to mulch around the plants to prevent spores from splashing up from the soil onto the foliage."
Tomato,Late Blight,"For Late Blight in tomatoes, apply fungicides containing metalaxyl or chlorothalonil at the first sign of the disease or before rainy weather. Also, try to improve air circulation around the plants and avoid overhead watering to reduce the humidity that the fungus thrives in."
Tomato,Leaf Mold,"For Leaf Mold in tomatoes, apply fungicides that contain chlorothalonil or mancozeb, especially in greenhouse settings where the disease thrives. Improving air circulation by spacing the plants properly and using fans in greenhouses can also help prevent the disease."
Tomato,Septoria Leaf Spot,"For Septoria Leaf Spot in tomatoes, apply fungicides such as mancozeb or chlorothalonil as soon as the first signs of spotting occur. It's also crucial to remove infected leaves, avoid overhead watering, and maintain good sanitation practices to minimize the spread of spores."
Tomato,"Spider Mites, Two-Spotted Spider Mites","For controlling Spider Mites and Two-Spotted Spider Mites on tomatoes, apply miticides such as abamectin or spiromesifen, which are specifically designed to target mites. Additionally, increasing humidity around the plants can help reduce mite populations, as mites prefer dry conditions."
Tomato,Target Spot,"For managing Target Spot in tomatoes, apply fungicides containing chlorothalonil or mancozeb to protect plants during periods of high moisture and warm temperatures. Ensure good air circulation by proper spacing and practicing regular pruning to reduce humidity around the plants."
Tomato,Tomato Yellow Leaf Vurl Virus,"For Tomato Yellow Leaf Curl Virus, it's critical to manage the vector, the whitefly, using insecticides like imidacloprid or by introducing natural predators such as ladybugs. Additionally, remove and destroy infected plants immediately to prevent further spread of the virus."
Tomato,Tomato Mosaic Virus,"For managing Tomato Mosaic Virus, there is no cure once plants are infected. Prevent spread by using virus-free seeds, sterilizing tools and hands before handling plants, and removing and destroying infected plants. Also, rotate crops and avoid planting susceptible varieties in the same area for several years."
Tomato,Healthy,Healthy plant. No treatment necessary!
